{
    "ignorePatterns": [
        {
            "pattern": "autohotkey.com"
        },
        {
            "pattern": "baeldung.com"
        },
        {
            "pattern": "^CONTRIBUTING\\.md"
        },
        {
            "pattern": "^https://codecov\\.io/"
        },
        {
            "pattern": "^https://dl\\.acm\\.org"
        },
        {
            "pattern": "^https://github\\.com"
        },
        {
            "pattern": "^https://.*\\.jabref\\.org"
        },
        {
            "pattern": "^https://sourcespy\\.com/.*"
        },
        {
            "pattern": "^http://purl\\.org/net/bibteXMP"
        },
        {
            "pattern": "tldrlegal.com"
        },
        {
            "pattern": "^https://www\\.slant\\.co/"
        },
        {
            "pattern": "^http://localhost"
        },
        {
            "pattern": "^https://demo.teamscale.com"
        }
    ]
}
