<?xml version="1.0" encoding="utf-8"?>
<locale xmlns="http://purl.org/net/xbiblio/csl" version="1.0" xml:lang="mn-MN">
  <info>
    <rights license="http://creativecommons.org/licenses/by-sa/3.0/">This work is licensed under a Creative Commons Attribution-ShareAlike 3.0 License</rights>
    <updated>2012-07-04T23:31:02+00:00</updated>
  </info>
  <style-options punctuation-in-quote="false"/>
  <date form="text">
    <date-part name="day" suffix=" "/>
    <date-part name="month" suffix=" "/>
    <date-part name="year"/>
  </date>
  <date form="numeric">
    <date-part name="year"/>
    <date-part name="month" form="numeric-leading-zeros" prefix="."/>
    <date-part name="day" form="numeric-leading-zeros" prefix="."/>
  </date>
  <terms>
    <term name="accessed">accessed</term>
    <term name="and">and</term>
    <term name="and others">and others</term>
    <term name="anonymous">anonymous</term>
    <term name="anonymous" form="short">anon</term>
    <term name="at">at</term>
    <term name="available at">available at</term>
    <term name="by">by</term>
    <term name="circa">circa</term>
    <term name="circa" form="short">c.</term>
    <term name="cited">cited</term>
    <term name="edition">
      <single>edition</single>
      <multiple>editions</multiple>
    </term>
    <term name="edition" form="short">ed</term>
    <term name="et-al">et al.</term>
    <term name="forthcoming">forthcoming</term>
    <term name="from">from</term>
    <term name="ibid">ibid.</term>
    <term name="in">in</term>
    <term name="in press">in press</term>
    <term name="internet">internet</term>
    <term name="interview">interview</term>
    <term name="letter">letter</term>
    <term name="no date">no date</term>
    <term name="no date" form="short">n.d.</term>
    <term name="online">online</term>
    <term name="presented at">presented at the</term>
    <term name="reference">
      <single>reference</single>
      <multiple>references</multiple>
    </term>
    <term name="reference" form="short">
      <single>ref.</single>
      <multiple>refs.</multiple>
    </term>
    <term name="retrieved">retrieved</term>
    <term name="scale">scale</term>
    <term name="version">version</term>

    <!-- ANNO DOMINI; BEFORE CHRIST -->
    <term name="ad">AD</term>
    <term name="bc">BC</term>

    <!-- PUNCTUATION -->
    <term name="open-quote">«</term>
    <term name="close-quote">»</term>
    <term name="open-inner-quote">„</term>
    <term name="close-inner-quote">“</term>
    <term name="page-range-delimiter">–</term>

    <!-- ORDINALS -->
    <term name="ordinal">-p</term>

    <!-- LONG ORDINALS -->
    <term name="long-ordinal-01">нэгдүгээр</term>
    <term name="long-ordinal-02">хоёрдугаар</term>
    <term name="long-ordinal-03">гуравдугаар</term>
    <term name="long-ordinal-04">дөрөвдүгээр</term>
    <term name="long-ordinal-05">тавдугаар</term>
    <term name="long-ordinal-06">зургаадугаар</term>
    <term name="long-ordinal-07">долоодугаар</term>
    <term name="long-ordinal-08">наймдугаар</term>
    <term name="long-ordinal-09">есдүгээр</term>
    <term name="long-ordinal-10">аравдугаар</term>

    <!-- LONG LOCATOR FORMS -->
    <term name="book">
      <single>ном</single>
      <multiple>номнууд</multiple>
    </term>
    <term name="chapter">
      <single>chapter</single>
      <multiple>chapters</multiple>
    </term>
    <term name="column">
      <single>багана</single>
      <multiple>баганууд</multiple>
    </term>
    <term name="figure">
      <single>figure</single>
      <multiple>figures</multiple>
    </term>
    <term name="folio">
      <single>folio</single>
      <multiple>folios</multiple>
    </term>
    <term name="issue">
      <single>тоо</single>
      <multiple>тоонууд</multiple>
    </term>
    <term name="line">
      <single>шугам</single>
      <multiple>шугамнууд</multiple>
    </term>
    <term name="note">
      <single>note</single>
      <multiple>notes</multiple>
    </term>
    <term name="opus">
      <single>opus</single>
      <multiple>opera</multiple>
    </term>
    <term name="page">
      <single>хуудас</single>
      <multiple>хуудаснууд</multiple>
    </term>
    <term name="number-of-pages">
      <single>хуудас</single>
      <multiple>хуудаснууд</multiple>
    </term>
    <term name="paragraph">
      <single>paragraph</single>
      <multiple>paragraph</multiple>
    </term>
    <term name="part">
      <single>part</single>
      <multiple>parts</multiple>
    </term>
    <term name="section">
      <single>section</single>
      <multiple>sections</multiple>
    </term>
    <term name="sub verbo">
      <single>sub verbo</single>
      <multiple>sub verbis</multiple>
    </term>
    <term name="verse">
      <single>verse</single>
      <multiple>verses</multiple>
    </term>
    <term name="volume">
      <single>volume</single>
      <multiple>volumes</multiple>
    </term>

    <!-- SHORT LOCATOR FORMS -->
    <term name="book" form="short">bk</term>
    <term name="chapter" form="short">chap</term>
    <term name="column" form="short">col</term>
    <term name="figure" form="short">fig</term>
    <term name="folio" form="short">f</term>
    <term name="issue" form="short">no</term>
    <term name="line" form="short">l.</term>
    <term name="note" form="short">n.</term>
    <term name="opus" form="short">op</term>
    <term name="page" form="short">
      <single>p</single>
      <multiple>pp</multiple>
    </term>
    <term name="number-of-pages" form="short">
      <single>p</single>
      <multiple>pp</multiple>
    </term>
    <term name="paragraph" form="short">para</term>
    <term name="part" form="short">pt</term>
    <term name="section" form="short">sec</term>
    <term name="sub verbo" form="short">
      <single>s.v.</single>
      <multiple>s.vv.</multiple>
    </term>
    <term name="verse" form="short">
      <single>v</single>
      <multiple>vv</multiple>
    </term>
    <term name="volume" form="short">
      <single>vol</single>
      <multiple>vols</multiple>
    </term>

    <!-- SYMBOL LOCATOR FORMS -->
    <term name="paragraph" form="symbol">
      <single>¶</single>
      <multiple>¶¶</multiple>
    </term>
    <term name="section" form="symbol">
      <single>§</single>
      <multiple>§§</multiple>
    </term>

    <!-- LONG ROLE FORMS -->
    <term name="director">
      <single>director</single>
      <multiple>directors</multiple>
    </term>
    <term name="editor">
      <single>редактор</single>
      <multiple>редакторууд</multiple>
    </term>
    <term name="editorial-director">
      <single>редактор</single>
      <multiple>редакторууд</multiple>
    </term>
    <term name="illustrator">
      <single>illustrator</single>
      <multiple>illustrators</multiple>
    </term>
    <term name="translator">
      <single>орчуулагч</single>
      <multiple>орчуулагчид</multiple>
    </term>
    <term name="editortranslator">
      <single>редактор ба орчуулагч</single>
      <multiple>редакторууд ба орчуулагчид</multiple>
    </term>

    <!-- SHORT ROLE FORMS -->
    <term name="director" form="short">
      <single>dir.</single>
      <multiple>dirs.</multiple>
    </term>
    <term name="editor" form="short">
      <single>ред.</single>
      <multiple>ред.</multiple>
    </term>
    <term name="editorial-director" form="short">
      <single>ред.</single>
      <multiple>ред.</multiple>
    </term>
    <term name="illustrator" form="short">
      <single>ill.</single>
      <multiple>ills.</multiple>
    </term>
    <term name="translator" form="short">
      <single>орч</single>
      <multiple>орч</multiple>
    </term>
    <term name="editortranslator" form="short">
      <single>ред. ба орч.</single>
      <multiple>ред. ба орч.</multiple>
    </term>

    <!-- VERB ROLE FORMS -->
    <term name="container-author" form="verb">by</term>
    <term name="director" form="verb">directed by</term>
    <term name="editor" form="verb">edited by</term>
    <term name="editorial-director" form="verb">edited by</term>
    <term name="illustrator" form="verb">illustrated by</term>
    <term name="interviewer" form="verb">interview by</term>
    <term name="recipient" form="verb">to</term>
    <term name="reviewed-author" form="verb">by</term>
    <term name="translator" form="verb">translated by</term>
    <term name="editortranslator" form="verb">edited &amp; translated by</term>

    <!-- SHORT VERB ROLE FORMS -->
    <term name="director" form="verb-short">dir.</term>
    <term name="editor" form="verb-short">ed</term>
    <term name="editorial-director" form="verb-short">ed.</term>
    <term name="illustrator" form="verb-short">illus.</term>
    <term name="translator" form="verb-short">trans</term>
    <term name="editortranslator" form="verb-short">ed. &amp; trans. by</term>

    <!-- LONG MONTH FORMS -->
    <term name="month-01">Нэгдүгээр сар</term>
    <term name="month-02">Хоёрдугаар сар</term>
    <term name="month-03">Гуравдугаар сар</term>
    <term name="month-04">Дөрөвдүгээр сар</term>
    <term name="month-05">Тавдугаар сар</term>
    <term name="month-06">Зургаадугаар сар</term>
    <term name="month-07">Долдугаар сар</term>
    <term name="month-08">Наймдугаар сар</term>
    <term name="month-09">Есдүгээр сар</term>
    <term name="month-10">Аравдугаар сар</term>
    <term name="month-11">Арван нэгдүгээр сар</term>
    <term name="month-12">Арван хоёрдугаар сар</term>

    <!-- SHORT MONTH FORMS -->
    <term name="month-01" form="short">1-р сар</term>
    <term name="month-02" form="short">2-р сар</term>
    <term name="month-03" form="short">3-р сар</term>
    <term name="month-04" form="short">4-р сар</term>
    <term name="month-05" form="short">5-р сар</term>
    <term name="month-06" form="short">6-р сар</term>
    <term name="month-07" form="short">7-р сар</term>
    <term name="month-08" form="short">8-р сар</term>
    <term name="month-09" form="short">9-р сар</term>
    <term name="month-10" form="short">10-р сар</term>
    <term name="month-11" form="short">11-р сар</term>
    <term name="month-12" form="short">12-р сар</term>

    <!-- SEASONS -->
    <term name="season-01">Хавар</term>
    <term name="season-02">Зун</term>
    <term name="season-03">Намар</term>
    <term name="season-04">Өвөл</term>
  </terms>
</locale>
