<?xml version="1.0" encoding="utf-8"?>
<locale xmlns="http://purl.org/net/xbiblio/csl" version="1.0" xml:lang="sk-SK">
  <info>
    <translator>
      <name>Tomáš Ferianc</name>
    </translator>
    <translator>
      <name>kohafan</name>
    </translator>
    <rights license="http://creativecommons.org/licenses/by-sa/3.0/">This work is licensed under a Creative Commons Attribution-ShareAlike 3.0 License</rights>
    <updated>2014-03-09T22:23:31+00:00</updated>
  </info>
  <style-options punctuation-in-quote="false"/>
  <date form="text">
    <date-part name="day" form="numeric-leading-zeros" suffix=". "/>
    <date-part name="month" suffix=" "/>
    <date-part name="year"/>
  </date>
  <date form="numeric">
    <date-part name="day" suffix="."/>
    <date-part name="month" form="numeric" suffix="."/>
    <date-part name="year"/>
  </date>
  <terms>
    <term name="accessed">cit</term>
    <term name="and">a</term>
    <term name="and others">a ďalší</term>
    <term name="anonymous">anonym</term>
    <term name="anonymous" form="short">anon.</term>
    <term name="at">v</term>
    <term name="available at">available at</term>
    <term name="by">by</term>
    <term name="circa">circa</term>
    <term name="circa" form="short">cca.</term>
    <term name="cited">cit</term>
    <term name="edition">
      <single>vydanie</single>
      <multiple>vydania</multiple>
    </term>
    <term name="edition" form="short">vyd.</term>
    <term name="et-al">et al.</term>
    <term name="forthcoming">nadchádzajúci</term>
    <term name="from">z</term>
    <term name="ibid">ibid.</term>
    <term name="in">v</term>
    <term name="in press">v tlači</term>
    <term name="internet">internet</term>
    <term name="interview">osobná komunikácia</term>
    <term name="letter">list</term>
    <term name="no date">no date</term>
    <term name="no date" form="short">n.d.</term>
    <term name="online">online</term>
    <term name="presented at">prezentované na</term>
    <term name="reference">
      <single>reference</single>
      <multiple>references</multiple>
    </term>
    <term name="reference" form="short">
      <single>ref.</single>
      <multiple>refs.</multiple>
    </term>
    <term name="retrieved">cit</term>
    <term name="scale">scale</term>
    <term name="version">version</term>

    <!-- ANNO DOMINI; BEFORE CHRIST -->
    <term name="ad">po Kr.</term>
    <term name="bc">pred Kr.</term>

    <!-- PUNCTUATION -->
    <term name="open-quote">“</term>
    <term name="close-quote">”</term>
    <term name="open-inner-quote">‘</term>
    <term name="close-inner-quote">’</term>
    <term name="page-range-delimiter">–</term>

    <!-- ORDINALS -->
    <term name="ordinal">th</term>
    <term name="ordinal-01">st</term>
    <term name="ordinal-02">nd</term>
    <term name="ordinal-03">rd</term>
    <term name="ordinal-11">th</term>
    <term name="ordinal-12">th</term>
    <term name="ordinal-13">th</term>

    <!-- LONG ORDINALS -->
    <term name="long-ordinal-01">first</term>
    <term name="long-ordinal-02">second</term>
    <term name="long-ordinal-03">third</term>
    <term name="long-ordinal-04">fourth</term>
    <term name="long-ordinal-05">fifth</term>
    <term name="long-ordinal-06">sixth</term>
    <term name="long-ordinal-07">seventh</term>
    <term name="long-ordinal-08">eighth</term>
    <term name="long-ordinal-09">ninth</term>
    <term name="long-ordinal-10">tenth</term>

    <!-- LONG LOCATOR FORMS -->
    <term name="book">
      <single>kniha</single>
      <multiple>knihy</multiple>
    </term>
    <term name="chapter">
      <single>kapitola</single>
      <multiple>kapitoly</multiple>
    </term>
    <term name="column">
      <single>stĺpec</single>
      <multiple>stĺpce</multiple>
    </term>
    <term name="figure">
      <single>obrázok</single>
      <multiple>obrázky</multiple>
    </term>
    <term name="folio">
      <single>list</single>
      <multiple>listy</multiple>
    </term>
    <term name="issue">
      <single>číslo</single>
      <multiple>čísla</multiple>
    </term>
    <term name="line">
      <single>riadok</single>
      <multiple>riadky</multiple>
    </term>
    <term name="note">
      <single>poznámka</single>
      <multiple>poznámky</multiple>
    </term>
    <term name="opus">
      <single>opus</single>
      <multiple>opera</multiple>
    </term>
    <term name="page">
      <single>strana</single>
      <multiple>strany</multiple>
    </term>
    <term name="number-of-pages">
      <single>strana</single>
      <multiple>strany</multiple>
    </term>
    <term name="paragraph">
      <single>odstavec</single>
      <multiple>odstavce</multiple>
    </term>
    <term name="part">
      <single>časť</single>
      <multiple>časti</multiple>
    </term>
    <term name="section">
      <single>sekcia</single>
      <multiple>sekcie</multiple>
    </term>
    <term name="sub verbo">
      <single>sub verbo</single>
      <multiple>sub verbis</multiple>
    </term>
    <term name="verse">
      <single>verš</single>
      <multiple>verše</multiple>
    </term>
    <term name="volume">
      <single>ročník</single>
      <multiple>ročníky</multiple>
    </term>

    <!-- SHORT LOCATOR FORMS -->
    <term name="book" form="short">k.</term>
    <term name="chapter" form="short">kap.</term>
    <term name="column" form="short">stĺp.</term>
    <term name="figure" form="short">obr.</term>
    <term name="folio" form="short">l.</term>
    <term name="issue" form="short">č.</term>
    <term name="line" form="short">l.</term>
    <term name="note" form="short">n.</term>
    <term name="opus" form="short">op.</term>
    <term name="page" form="short">
      <single>s.</single>
      <multiple>s.</multiple>
    </term>
    <term name="number-of-pages" form="short">
      <single>s.</single>
      <multiple>s.</multiple>
    </term>
    <term name="paragraph" form="short">par.</term>
    <term name="part" form="short">č.</term>
    <term name="section" form="short">sek.</term>
    <term name="sub verbo" form="short">
      <single>s.v.</single>
      <multiple>s.vv.</multiple>
    </term>
    <term name="verse" form="short">
      <single>v.</single>
      <multiple>v.</multiple>
    </term>
    <term name="volume" form="short">
      <single>roč.</single>
      <multiple>roč.</multiple>
    </term>

    <!-- SYMBOL LOCATOR FORMS -->
    <term name="paragraph" form="symbol">
      <single>¶</single>
      <multiple>¶</multiple>
    </term>
    <term name="section" form="symbol">
      <single>§</single>
      <multiple>§</multiple>
    </term>

    <!-- LONG ROLE FORMS -->
    <term name="director">
      <single>director</single>
      <multiple>directors</multiple>
    </term>
    <term name="editor">
      <single>editor</single>
      <multiple>editori</multiple>
    </term>
    <term name="editorial-director">
      <single>zostavovateľ</single>
      <multiple>zostavovatelia</multiple>
    </term>
    <term name="illustrator">
      <single>illustrator</single>
      <multiple>illustrators</multiple>
    </term>
    <term name="translator">
      <single>prekladateľ</single>
      <multiple>prekladatelia</multiple>
    </term>
    <term name="editortranslator">
      <single>zostavovateľ &amp; prekladateľ</single>
      <multiple>zostavovatelia &amp; prekladatelia</multiple>
    </term>

    <!-- SHORT ROLE FORMS -->
    <term name="director" form="short">
      <single>dir.</single>
      <multiple>dirs.</multiple>
    </term>
    <term name="editor" form="short">
      <single>ed.</single>
      <multiple>ed.</multiple>
    </term>
    <term name="editorial-director" form="short">
      <single>zost.</single>
      <multiple>zost.</multiple>
    </term>
    <term name="illustrator" form="short">
      <single>ill.</single>
      <multiple>ills.</multiple>
    </term>
    <term name="translator" form="short">
      <single>prel.</single>
      <multiple>prel.</multiple>
    </term>
    <term name="editortranslator" form="short">
      <single>ed. &amp; tran.</single>
      <multiple>eds. &amp; trans.</multiple>
    </term>

    <!-- VERB ROLE FORMS -->
    <term name="container-author" form="verb">by</term>
    <term name="director" form="verb">directed by</term>
    <term name="editor" form="verb">zostavil</term>
    <term name="editorial-director" form="verb">zostavil</term>
    <term name="illustrator" form="verb">illustrated by</term>
    <term name="interviewer" form="verb">rozhovor urobil</term>
    <term name="recipient" form="verb">adresát</term>
    <term name="reviewed-author" form="verb">by</term>
    <term name="translator" form="verb">preložil</term>
    <term name="editortranslator" form="verb">zostavil &amp; preložil</term>

    <!-- SHORT VERB ROLE FORMS -->
    <term name="director" form="verb-short">dir.</term>
    <term name="editor" form="verb-short">ed.</term>
    <term name="editorial-director" form="verb-short">ed.</term>
    <term name="illustrator" form="verb-short">illus.</term>
    <term name="translator" form="verb-short">prel.</term>
    <term name="editortranslator" form="verb-short">zost. &amp; prel.</term>

    <!-- LONG MONTH FORMS -->
    <term name="month-01">január</term>
    <term name="month-02">február</term>
    <term name="month-03">marec</term>
    <term name="month-04">apríl</term>
    <term name="month-05">máj</term>
    <term name="month-06">jún</term>
    <term name="month-07">júl</term>
    <term name="month-08">august</term>
    <term name="month-09">september</term>
    <term name="month-10">október</term>
    <term name="month-11">november</term>
    <term name="month-12">december</term>

    <!-- SHORT MONTH FORMS -->
    <term name="month-01" form="short">jan.</term>
    <term name="month-02" form="short">feb.</term>
    <term name="month-03" form="short">mar.</term>
    <term name="month-04" form="short">apr.</term>
    <term name="month-05" form="short">máj.</term>
    <term name="month-06" form="short">jún.</term>
    <term name="month-07" form="short">júl.</term>
    <term name="month-08" form="short">aug.</term>
    <term name="month-09" form="short">sep.</term>
    <term name="month-10" form="short">okt.</term>
    <term name="month-11" form="short">nov.</term>
    <term name="month-12" form="short">dec.</term>

    <!-- SEASONS -->
    <term name="season-01">Jar</term>
    <term name="season-02">Leto</term>
    <term name="season-03">Jeseň</term>
    <term name="season-04">Zima</term>
  </terms>
</locale>
