<?xml version="1.0" encoding="utf-8"?>
<locale xmlns="http://purl.org/net/xbiblio/csl" version="1.0" xml:lang="hu-HU">
  <info>
    <translator>
      <name>Miklos Vajna</name>
    </translator>
    <rights license="http://creativecommons.org/licenses/by-sa/3.0/">This work is licensed under a Creative Commons Attribution-ShareAlike 3.0 License</rights>
    <updated>2014-06-17T09:56:35+02:00</updated>
  </info>
  <style-options punctuation-in-quote="false"/>
  <date form="text">
    <date-part name="year"/>
    <date-part name="month" prefix=". "/>
    <date-part name="day" prefix=" " suffix="."/>
  </date>
  <date form="numeric">
    <date-part name="year"/>
    <date-part name="month" form="numeric-leading-zeros" prefix="."/>
    <date-part name="day" form="numeric-leading-zeros" prefix="."/>
  </date>
  <terms>
    <term name="accessed">elérés</term>
    <term name="and">és</term>
    <term name="and others">és mások</term>
    <term name="anonymous">szerző nélkül</term>
    <term name="anonymous" form="short">sz. n.</term>
    <term name="at"></term>
    <term name="available at">elérhető</term>
    <term name="by">by</term>
    <term name="circa">körülbelül</term>
    <term name="circa" form="short">kb.</term>
    <term name="cited">idézi</term>
    <term name="edition">
      <single>kiadás</single>
      <multiple>kiadás</multiple>
    </term>
    <term name="edition" form="short">kiad.</term>
    <term name="et-al">és mtsai.</term>
    <term name="forthcoming">megjelenés alatt</term>
    <term name="from">forrás</term>
    <term name="ibid">uo.</term>
    <term name="in">in</term>
    <term name="in press">nyomtatás alatt</term>
    <term name="internet">internet</term>
    <term name="interview">interjú</term>
    <term name="letter">levél</term>
    <term name="no date">évszám nélkül</term>
    <term name="no date" form="short">é. n.</term>
    <term name="online">online</term>
    <term name="presented at">előadás</term>
    <term name="reference">
      <single>hivatkozás</single>
      <multiple>hivatkozás</multiple>
    </term>
    <term name="reference" form="short">
      <single>hiv.</single>
      <multiple>hiv.</multiple>
    </term>
    <term name="retrieved">elérés</term>
    <term name="scale">skála</term>
    <term name="version">verzió</term>

    <!-- ANNO DOMINI; BEFORE CHRIST -->
    <term name="ad">Kr. u.</term>
    <term name="bc">Kr. e.</term>

    <!-- ANNO DOMINI; BEFORE CHRIST -->
    <term name="ad">i. sz.</term>
    <term name="bc">i. e.</term>

    <!-- PUNCTUATION -->
    <term name="open-quote">„</term>
    <term name="close-quote">”</term>
    <term name="open-inner-quote">»</term>
    <term name="close-inner-quote">«</term>
    <term name="page-range-delimiter">–</term>

    <!-- ORDINALS -->
    <term name="ordinal">.</term>

    <!-- LONG ORDINALS -->
    <term name="long-ordinal-01">első</term>
    <term name="long-ordinal-02">második</term>
    <term name="long-ordinal-03">harmadik</term>
    <term name="long-ordinal-04">negyedik</term>
    <term name="long-ordinal-05">ötödik</term>
    <term name="long-ordinal-06">hatodik</term>
    <term name="long-ordinal-07">hetedik</term>
    <term name="long-ordinal-08">nyolcadik</term>
    <term name="long-ordinal-09">kilencedik</term>
    <term name="long-ordinal-10">tizedik</term>

    <!-- LONG LOCATOR FORMS -->
    <term name="book">
      <single>könyv</single>
      <multiple>könyv</multiple>
    </term>
    <term name="chapter">
      <single>fejezet</single>
      <multiple>fejezet</multiple>
    </term>
    <term name="column">
      <single>oszlop</single>
      <multiple>oszlop</multiple>
    </term>
    <term name="figure">
      <single>ábra</single>
      <multiple>ábra</multiple>
    </term>
    <term name="folio">
      <single>fóliáns</single>
      <multiple>fóliáns</multiple>
    </term>
    <term name="issue">
      <single>szám</single>
      <multiple>szám</multiple>
    </term>
    <term name="line">
      <single>sor</single>
      <multiple>sor</multiple>
    </term>
    <term name="note">
      <single>jegyzet</single>
      <multiple>jegyzet</multiple>
    </term>
    <term name="opus">
      <single>mű</single>
      <multiple>mű</multiple>
    </term>
    <term name="page">
      <single>oldal</single>
      <multiple>oldal</multiple>
    </term>
    <term name="number-of-pages">
      <single>oldal</single>
      <multiple>oldal</multiple>
    </term>
    <term name="paragraph">
      <single>bekezdés</single>
      <multiple>bekezdés</multiple>
    </term>
    <term name="part">
      <single>rész</single>
      <multiple>rész</multiple>
    </term>
    <term name="section">
      <single>szakasz</single>
      <multiple>szakasz</multiple>
    </term>
    <term name="sub verbo">
      <single>sub verbo</single>
      <multiple>sub verbis</multiple>
    </term>
    <term name="verse">
      <single>versszak</single>
      <multiple>versszak</multiple>
    </term>
    <term name="volume">
      <single>kötet</single>
      <multiple>kötet</multiple>
    </term>

    <!-- SHORT LOCATOR FORMS -->
    <term name="book" form="short">könyv</term>
    <term name="chapter" form="short">fej.</term>
    <term name="column" form="short">oszl.</term>
    <term name="figure" form="short">ábr.</term>
    <term name="folio" form="short">fol.</term>
    <term name="issue" form="short">sz.</term>
    <term name="line" form="short">s.</term>
    <term name="note" form="short">j.</term>
    <term name="opus" form="short">op.</term>
    <term name="page" form="short">
      <single>o.</single>
      <multiple>o.</multiple>
    </term>
    <term name="number-of-pages" form="short">
      <single>o.</single>
      <multiple>o.</multiple>
    </term>
    <term name="paragraph" form="short">bek.</term>
    <term name="part" form="short">rész</term>
    <term name="section" form="short">szak.</term>
    <term name="sub verbo" form="short">
      <single>s. v.</single>
      <multiple>s. vv.</multiple>
    </term>
    <term name="verse" form="short">
      <single>vsz.</single>
      <multiple>vsz.</multiple>
    </term>
    <term name="volume" form="short">
      <single>köt.</single>
      <multiple>köt.</multiple>
    </term>

    <!-- SYMBOL LOCATOR FORMS -->
    <term name="paragraph" form="symbol">
      <single>¶</single>
      <multiple>¶¶</multiple>
    </term>
    <term name="section" form="symbol">
      <single>§</single>
      <multiple>§§</multiple>
    </term>

    <!-- LONG ROLE FORMS -->
    <term name="director">
      <single>igazgató</single>
      <multiple>igazgató</multiple>
    </term>
    <term name="editor">
      <single>szerkesztő</single>
      <multiple>szerkesztő</multiple>
    </term>
    <term name="editorial-director">
      <single>szerkesztőségi igazgató</single>
      <multiple>szerkesztőségi igazgató</multiple>
    </term>
    <term name="illustrator">
      <single>illusztrátor</single>
      <multiple>illusztrátor</multiple>
    </term>
    <term name="translator">
      <single>fordító</single>
      <multiple>fordító</multiple>
    </term>
    <term name="editortranslator">
      <single>szerkesztő &amp; fordító</single>
      <multiple>szerkesztő &amp; fordító</multiple>
    </term>

    <!-- SHORT ROLE FORMS -->
    <term name="director" form="short">
      <single>ig.</single>
      <multiple>ig.</multiple>
    </term>
    <term name="editor" form="short">
      <single>szerk.</single>
      <multiple>szerk.</multiple>
    </term>
    <term name="editorial-director" form="short">
      <single>szerk. ig.</single>
      <multiple>szerk. ig.</multiple>
    </term>
    <term name="illustrator" form="short">
      <single>ill.</single>
      <multiple>ill.</multiple>
    </term>
    <term name="translator" form="short">
      <single>ford.</single>
      <multiple>ford.</multiple>
    </term>
    <term name="editortranslator" form="short">
      <single>szerk. &amp; ford.</single>
      <multiple>szerk. &amp; ford.</multiple>
    </term>

    <!-- VERB ROLE FORMS -->
    <term name="container-author" form="verb">by</term>
    <term name="director" form="verb">directed by</term>
    <term name="editor" form="verb">szerkesztette</term>
    <term name="editorial-director" form="verb">edited by</term>
    <term name="illustrator" form="verb">illusztrálta</term>
    <term name="interviewer" form="verb">interjúkészítő</term>
    <term name="recipient" form="verb">címzett</term>
    <term name="reviewed-author" form="verb">by</term>
    <term name="translator" form="verb">fordította</term>
    <term name="editortranslator" form="verb">szerkesztette &amp; fordította</term>

    <!-- SHORT VERB ROLE FORMS -->
    <term name="director" form="verb-short">ig.</term>
    <term name="editor" form="verb-short">szerk.</term>
    <term name="editorial-director" form="verb-short">ed.</term>
    <term name="illustrator" form="verb-short">ill.</term>
    <term name="translator" form="verb-short">ford.</term>
    <term name="editortranslator" form="verb-short">szerk. &amp; ford.</term>

    <!-- LONG MONTH FORMS -->
    <term name="month-01">január</term>
    <term name="month-02">február</term>
    <term name="month-03">március</term>
    <term name="month-04">április</term>
    <term name="month-05">május</term>
    <term name="month-06">június</term>
    <term name="month-07">július</term>
    <term name="month-08">augusztus</term>
    <term name="month-09">szeptember</term>
    <term name="month-10">október</term>
    <term name="month-11">november</term>
    <term name="month-12">december</term>

    <!-- SHORT MONTH FORMS -->
    <term name="month-01" form="short">jan.</term>
    <term name="month-02" form="short">febr.</term>
    <term name="month-03" form="short">márc.</term>
    <term name="month-04" form="short">ápr.</term>
    <term name="month-05" form="short">máj.</term>
    <term name="month-06" form="short">jún.</term>
    <term name="month-07" form="short">júl.</term>
    <term name="month-08" form="short">aug.</term>
    <term name="month-09" form="short">szept.</term>
    <term name="month-10" form="short">okt.</term>
    <term name="month-11" form="short">nov.</term>
    <term name="month-12" form="short">dec.</term>

    <!-- SEASONS -->
    <term name="season-01">tavasz</term>
    <term name="season-02">nyár</term>
    <term name="season-03">ősz</term>
    <term name="season-04">tél</term>
  </terms>
</locale>
