<?xml version="1.0" encoding="utf-8"?>
<locale xmlns="http://purl.org/net/xbiblio/csl" version="1.0" xml:lang="it-IT">
  <info>
    <translator>
      <name>FI App Development</name>
    </translator>
    <translator>
      <name>Monica Thuegaz</name>
    </translator>
    <rights license="http://creativecommons.org/licenses/by-sa/3.0/">This work is licensed under a Creative Commons Attribution-ShareAlike 3.0 License</rights>
    <updated>2012-07-04T23:31:02+00:00</updated>
  </info>
  <style-options punctuation-in-quote="false"/>
  <date form="text">
    <date-part name="day" suffix=" "/>
    <date-part name="month" suffix=" "/>
    <date-part name="year"/>
  </date>
  <date form="numeric">
    <date-part name="day" form="numeric-leading-zeros" suffix="/"/>
    <date-part name="month" form="numeric-leading-zeros" suffix="/"/>
    <date-part name="year"/>
  </date>
  <terms>
    <term name="accessed">consultato</term>
    <term name="and">e</term>
    <term name="and others">e altri</term>
    <term name="anonymous">anonimo</term>
    <term name="anonymous" form="short">anon.</term>
    <term name="at">a</term>
    <term name="available at">disponibile su</term>
    <term name="available at" form="short">su</term>
    <term name="by">di</term>
    <term name="circa">circa</term>
    <term name="circa" form="short">c.</term>
    <term name="cited">citato</term>
    <term name="edition" gender="feminine">
      <single>edizione</single>
      <multiple>edizioni</multiple>
    </term>
    <term name="edition" form="short">ed.</term>
    <term name="et-al">et al.</term>
    <term name="forthcoming">futuro</term>
    <term name="from">da</term>
    <term name="ibid">ibid.</term>
    <term name="ibid">ibidem</term>
    <term name="ibid" form="short">ibid.</term>
    <term name="in">in</term>
    <term name="in press">in stampa</term>
    <term name="internet">internet</term>
    <term name="interview">intervista</term>
    <term name="letter">lettera</term>
    <term name="no date">senza data</term>
    <term name="no date" form="short">s.d.</term>
    <term name="online">online</term>
    <term name="presented at">presentato al</term>
    <term name="reference">
      <single>reference</single>
      <multiple>references</multiple>
    </term>
    <term name="reference" form="short">
      <single>ref.</single>
      <multiple>refs.</multiple>
    </term>
    <term name="retrieved">recuperato</term>
    <term name="scale">scala</term>
    <term name="version">versione</term>

    <!-- ANNO DOMINI; BEFORE CHRIST -->
    <term name="ad">d.C.</term>
    <term name="bc">a.C.</term>

    <!-- PUNCTUATION -->
    <term name="open-quote">«</term>
    <term name="close-quote">»</term>
    <term name="open-inner-quote">“</term>
    <term name="close-inner-quote">”</term>
    <term name="page-range-delimiter">–</term>

    <!-- ORDINALS -->
    <term name="ordinal">º</term>
    <term name="ordinal" gender-form="masculine">º</term>
    <term name="ordinal" gender-form="feminine">ª</term>

    <!-- LONG ORDINALS -->
    <term name="long-ordinal-01">prima</term>
    <term name="long-ordinal-01" gender-form="masculine">primo</term>
    <term name="long-ordinal-01" gender-form="feminine">prima</term>
    <term name="long-ordinal-02">seconda</term>
    <term name="long-ordinal-02" gender-form="masculine">secondo</term>
    <term name="long-ordinal-02" gender-form="feminine">seconda</term>
    <term name="long-ordinal-03">terza</term>
    <term name="long-ordinal-03" gender-form="masculine">terzo</term>
    <term name="long-ordinal-03" gender-form="feminine">terza</term>
    <term name="long-ordinal-04">quarta</term>
    <term name="long-ordinal-04" gender-form="masculine">quarto</term>
    <term name="long-ordinal-04" gender-form="feminine">quarta</term>
    <term name="long-ordinal-05">quinta</term>
    <term name="long-ordinal-05" gender-form="masculine">quinto</term>
    <term name="long-ordinal-05" gender-form="feminine">quinta</term>
    <term name="long-ordinal-06">sesta</term>
    <term name="long-ordinal-06" gender-form="masculine">sesto</term>
    <term name="long-ordinal-06" gender-form="feminine">sesta</term>
    <term name="long-ordinal-07">settima</term>
    <term name="long-ordinal-07" gender-form="masculine">settimo</term>
    <term name="long-ordinal-07" gender-form="feminine">settima</term>
    <term name="long-ordinal-08">ottava</term>
    <term name="long-ordinal-08" gender-form="masculine">ottavo</term>
    <term name="long-ordinal-08" gender-form="feminine">ottava</term>
    <term name="long-ordinal-09">nona</term>
    <term name="long-ordinal-09" gender-form="masculine">nono</term>
    <term name="long-ordinal-09" gender-form="feminine">nona</term>
    <term name="long-ordinal-10">decima</term>
    <term name="long-ordinal-10" gender-form="masculine">decimo</term>
    <term name="long-ordinal-10" gender-form="feminine">decima</term>

    <!-- LONG LOCATOR FORMS -->
    <term name="book">
      <single>libro</single>
      <multiple>libri</multiple>
    </term>
    <term name="chapter">
      <single>capitolo</single>
      <multiple>capitoli</multiple>
    </term>
    <term name="column">
      <single>colonna</single>
      <multiple>colonne</multiple>
    </term>
    <term name="figure">
      <single>figura</single>
      <multiple>figure</multiple>
    </term>
    <term name="folio">
      <single>foglio</single>
      <multiple>fogli</multiple>
    </term>
    <term name="issue" gender="masculine">
      <single>numero</single>
      <multiple>numeri</multiple>
    </term>
    <term name="line">
      <single>riga</single>
      <multiple>righe</multiple>
    </term>
    <term name="note">
      <single>nota</single>
      <multiple>note</multiple>
    </term>
    <term name="opus">
      <single>opera</single>
      <multiple>opere</multiple>
    </term>
    <term name="page">
      <single>pagina</single>
      <multiple>pagine</multiple>
    </term>
    <term name="number-of-pages">
      <single>pagina</single>
      <multiple>pagine</multiple>
    </term>
    <term name="paragraph">
      <single>capoverso</single>
      <multiple>capoversi</multiple>
    </term>
    <term name="part">
      <single>parte</single>
      <multiple>parti</multiple>
    </term>
    <term name="section">
      <single>paragrafo</single>
      <multiple>paragrafi</multiple>
    </term>
    <term name="sub verbo">
      <single>sub verbo</single>
      <multiple>sub verbis</multiple>
    </term>
    <term name="verse">
      <single>verso</single>
      <multiple>versi</multiple>
    </term>
    <term name="volume" gender="masculine">
      <single>volume</single>
      <multiple>volumi</multiple>
    </term>

    <!-- SHORT LOCATOR FORMS -->
    <term name="book" form="short">lib.</term>
    <term name="chapter" form="short">
      <single>cap.</single>
      <multiple>capp.</multiple>
    </term>
    <term name="column" form="short">col.</term>
    <term name="figure" form="short">fig.</term>
    <term name="folio" form="short">fgl.</term>
    <term name="issue" form="short">n.</term>
    <term name="line" form="short">l.</term>
    <term name="note" form="short">n.</term>
    <term name="opus" form="short">op.</term>
    <term name="page" form="short">
      <single>pag.</single>
      <multiple>pagg.</multiple>
    </term>
    <term name="number-of-pages" form="short">
      <single>pag.</single>
      <multiple>pagg.</multiple>
    </term>
    <term name="paragraph" form="short">cpv.</term>
    <term name="part" form="short">pt.</term>
    <term name="section" form="short">par.</term>
    <term name="sub verbo" form="short">
      <single>s.v.</single>
      <multiple>s.vv.</multiple>
    </term>
    <term name="verse" form="short">
      <single>v.</single>
      <multiple>vv.</multiple>
    </term>
    <term name="volume" form="short">
      <single>vol.</single>
      <multiple>voll.</multiple>
    </term>

    <!-- SYMBOL LOCATOR FORMS -->
    <term name="paragraph" form="symbol">
      <single>¶</single>
      <multiple>¶¶</multiple>
    </term>
    <term name="section" form="symbol">
      <single>§</single>
      <multiple>§§</multiple>
    </term>

    <!-- LONG ROLE FORMS -->
    <term name="director">
      <single>director</single>
      <multiple>directors</multiple>
    </term>
    <term name="editor">
      <single>curatore</single>
      <multiple>curatori</multiple>
    </term>
    <term name="editorial-director">
      <single>editor</single>
      <multiple>editors</multiple>
    </term>
    <term name="illustrator">
      <single>illustratore</single>
      <multiple>illustratori</multiple>
    </term>
    <term name="translator">
      <single>traduttore</single>
      <multiple>traduttori</multiple>
    </term>
    <term name="editortranslator">
      <single>curatore e traduttore</single>
      <multiple>curatori e tradutori</multiple>
    </term>

    <!-- SHORT ROLE FORMS -->
    <term name="director" form="short">
      <single>dir.</single>
      <multiple>dir.</multiple>
    </term>
    <term name="editor" form="short">
      <single>a c. di</single>
      <multiple>a c. di</multiple>
    </term>
    <term name="editorial-director" form="short">
      <single>ed.</single>
      <multiple>ed.</multiple>
    </term>
    <term name="illustrator" form="short">
      <single>ill.</single>
      <multiple>ill.</multiple>
    </term>
    <term name="translator" form="short">
      <single>trad.</single>
      <multiple>trad.</multiple>
    </term>
    <term name="editortranslator" form="short">
      <single>a c. di e trad. da</single>
      <multiple>a c. di e trad. da</multiple>
    </term>

    <!-- VERB ROLE FORMS -->
    <term name="container-author" form="verb">di</term>
    <term name="director" form="verb">diretto da</term>
    <term name="editor" form="verb">a cura di</term>
    <term name="editorial-director" form="verb">edited by</term>
    <term name="illustrator" form="verb">illustrato da</term>
    <term name="interviewer" form="verb">intervista di</term>
    <term name="recipient" form="verb">a</term>
    <term name="reviewed-author" form="verb">di</term>
    <term name="translator" form="verb">tradotto da</term>
    <term name="editortranslator" form="verb">a cura di e tradotto da</term>

    <!-- SHORT VERB ROLE FORMS -->
    <term name="director" form="verb-short">dir. da</term>
    <term name="editor" form="verb-short">a c. di</term>
    <term name="editorial-director" form="verb-short">ed.</term>
    <term name="illustrator" form="verb-short">ill. da</term>
    <term name="translator" form="verb-short">trad. da</term>
    <term name="editortranslator" form="verb-short">a c. di e trad. da</term>

    <!-- LONG MONTH FORMS -->
    <term name="month-01" gender="masculine">gennaio</term>
    <term name="month-02" gender="masculine">febbraio</term>
    <term name="month-03" gender="masculine">marzo</term>
    <term name="month-04" gender="masculine">aprile</term>
    <term name="month-05" gender="masculine">maggio</term>
    <term name="month-06" gender="masculine">giugno</term>
    <term name="month-07" gender="masculine">luglio</term>
    <term name="month-08" gender="masculine">agosto</term>
    <term name="month-09" gender="masculine">settembre</term>
    <term name="month-10" gender="masculine">ottobre</term>
    <term name="month-11" gender="masculine">novembre</term>
    <term name="month-12" gender="masculine">dicembre</term>

    <!-- SHORT MONTH FORMS -->
    <term name="month-01" form="short">gen.</term>
    <term name="month-02" form="short">feb.</term>
    <term name="month-03" form="short">mar.</term>
    <term name="month-04" form="short">apr.</term>
    <term name="month-05" form="short">mag.</term>
    <term name="month-06" form="short">giu.</term>
    <term name="month-07" form="short">lug.</term>
    <term name="month-08" form="short">ago.</term>
    <term name="month-09" form="short">set.</term>
    <term name="month-10" form="short">ott.</term>
    <term name="month-11" form="short">nov.</term>
    <term name="month-12" form="short">dic.</term>

    <!-- SEASONS -->
    <term name="season-01">primavera</term>
    <term name="season-02">estate</term>
    <term name="season-03">autunno</term>
    <term name="season-04">inverno</term>
  </terms>
</locale>
